,season,holiday,workingday,weather,temp,atemp,humidity,windspeed,casual,registered,count
count,10886.0,10886.0,10886.0,10886.0,10886.0,10886.0,10886.0,10886.0,10886.0,10886.0,10886.0
mean,2.5066139996325556,0.02856880396839978,0.6808745177291935,1.418427337865148,20.23085981995223,23.655084052912,61.88645967297446,12.7993954069447,36.02195480433584,155.5521771082124,191.57413191254824
std,1.116174309344325,0.16659885062470958,0.4661591687997356,0.6338385858190958,7.791589843987567,8.474600626484948,19.24503327739469,8.164537326838689,49.960476572649526,151.03903308192454,181.14445383028527
min,1.0,0.0,0.0,1.0,0.82,0.76,0.0,0.0,0.0,0.0,1.0
25%,2.0,0.0,0.0,1.0,13.94,16.665,47.0,7.0015,4.0,36.0,42.0
50%,3.0,0.0,1.0,1.0,20.5,24.24,62.0,12.998,17.0,118.0,145.0
75%,4.0,0.0,1.0,2.0,26.24,31.06,77.0,16.9979,49.0,222.0,284.0
max,4.0,1.0,1.0,4.0,41.0,45.455,100.0,56.9969,367.0,886.0,977.0
